<?xml version="1.0" encoding="UTF-8"?>
<SchematicTopology Version="2.3" Seed="1" Grid="25">
    <BasePath>C:/Users/hkarami/Desktop/CST_rods/Arma_Suisse/Half_Space_1_object/half_w_object_try_01_TD_loss_4/Model/DS</BasePath>
    <Block ForeignId="9653211" Id="1" Class="MWSSCHEM">
        <Size Height="225" Width="225"/>
        <Pins>
            <Pin X="-112" Y="-37" Index="0" BlockPosition="Left">
                <Label>1</Label>
            </Pin>
            <Pin X="113" Y="-37" Index="0" BlockPosition="Right">
                <Label>2</Label>
            </Pin>
            <Pin X="-112" Y="38" Index="1" BlockPosition="Left">
                <Label>3</Label>
            </Pin>
        </Pins>
        <Image Scale="AutoFit" FileName="C:\Users\hkarami\Desktop\CST_rods\Arma_Suisse\Half_Space_1_object\half_w_object_try_01_TD_loss_4\Model\3D\Model.dib">
            <Size Height="552" Width="722"/>
        </Image>
        <Pos X="87" Y="87"/>
        <ToolTip>CST MICROWAVE STUDIO schematic block MWSSCHEM1</ToolTip>
    </Block>
</SchematicTopology>
