{
    "parameters": [
        {
            "expr": "5.0",
            "name": "D",
            "value": "5.0"
        },
        {
            "expr": "135.5",
            "name": "L",
            "value": "135.5"
        },
        {
            "expr": "20",
            "name": "gap",
            "value": "20"
        },
        {
            "expr": "5",
            "name": "R_",
            "value": "5"
        },
        {
            "expr": "200",
            "name": "zg",
            "value": "200"
        },
        {
            "expr": "4.0",
            "name": "eps",
            "value": "4.0"
        },
        {
            "expr": "0.1",
            "name": "sig",
            "value": "0.1"
        }
    ],
    "version": 1
}