{
   "execution": {
      "classname": "SMAPowerByEmagHPCFrame",
      "libname": "SMAPowerByEmagUI"
   },
   "inputVariables": [
      {
         "name": "D",
         "type": "float",
         "value": 5.0
      },
      {
         "name": "L",
         "type": "float",
         "value": 135.5
      },
      {
         "name": "gap",
         "type": "float",
         "value": 20.0
      },
      {
         "name": "R_",
         "type": "float",
         "value": 5.0
      },
      {
         "name": "zg",
         "type": "float",
         "value": 200.0
      },
      {
         "name": "eps",
         "type": "float",
         "value": 4.0
      },
      {
         "name": "sig",
         "type": "float",
         "value": 0.1
      }
   ],
   "outputVariables": []
}